datetime,player1_name,player1_rank,player2_name,player2_rank,match_status,player1_full_time_score,player2_full_time_score,full_time_duration,set1_player1_score,set1_player2_score,set1_player1_tiebreak,set1_player2_tiebreak,set1_duration,set2_player1_score,set2_player2_score,set2_player1_tiebreak,set2_player2_tiebreak,set2_duration,set3_player1_score,set3_player2_score,set3_player1_tiebreak,set3_player2_tiebreak,set3_duration,set4_player1_score,set4_player2_score,set4_player1_tiebreak,set4_player2_tiebreak,set4_duration,set5_player1_score,set5_player2_score,set5_player1_tiebreak,set5_player2_tiebreak,set5_duration,set1_player1_aces,set1_player2_aces,set1_player1_double_faults,set1_player2_double_faults,set1_player1_1st_serve_percentage,set1_player2_1st_serve_percentage,set1_player1_1st_serve_points_won,set1_player2_1st_serve_points_won,set1_player1_2nd_serve_points_won,set1_player2_2nd_serve_points_won,set1_player1_break_points_saved,set1_player2_break_points_saved,set1_player1_1st_return_points_won,set1_player2_1st_return_points_won,set1_player1_2nd_return_points_won,set1_player2_2nd_return_points_won,set1_player1_break_points_converted,set1_player2_break_points_converted,set1_player1_winners,set1_player2_winners,set1_player1_unforced_errors,set1_player2_unforced_errors,set1_player1_net_points_won,set1_player2_net_points_won,set1_player1_max_points_in_row,set1_player2_max_points_in_row,set1_player1_service_points_won,set1_player2_service_points_won,set1_player1_return_points_won,set1_player2_return_points_won,set1_player1_total_points_won,set1_player2_total_points_won,set1_player1_max_games_in_row,set1_player2_max_games_in_row,set1_player1_service_games_won,set1_player2_service_games_won,set1_player1_return_games_won,set1_player2_return_games_won,set1_player1_total_games_won,set1_player2_total_games_won,set1_player1_distance_covered_meters,set1_player2_distance_covered_meters,set2_player1_aces,set2_player2_aces,set2_player1_double_faults,set2_player2_double_faults,set2_player1_1st_serve_percentage,set2_player2_1st_serve_percentage,set2_player1_1st_serve_points_won,set2_player2_1st_serve_points_won,set2_player1_2nd_serve_points_won,set2_player2_2nd_serve_points_won,set2_player1_break_points_saved,set2_player2_break_points_saved,set2_player1_1st_return_points_won,set2_player2_1st_return_points_won,set2_player1_2nd_return_points_won,set2_player2_2nd_return_points_won,set2_player1_break_points_converted,set2_player2_break_points_converted,set2_player1_winners,set2_player2_winners,set2_player1_unforced_errors,set2_player2_unforced_errors,set2_player1_net_points_won,set2_player2_net_points_won,set2_player1_max_points_in_row,set2_player2_max_points_in_row,set2_player1_service_points_won,set2_player2_service_points_won,set2_player1_return_points_won,set2_player2_return_points_won,set2_player1_total_points_won,set2_player2_total_points_won,set2_player1_max_games_in_row,set2_player2_max_games_in_row,set2_player1_service_games_won,set2_player2_service_games_won,set2_player1_return_games_won,set2_player2_return_games_won,set2_player1_total_games_won,set2_player2_total_games_won,set2_player1_distance_covered_meters,set2_player2_distance_covered_meters,set3_player1_aces,set3_player2_aces,set3_player1_double_faults,set3_player2_double_faults,set3_player1_1st_serve_percentage,set3_player2_1st_serve_percentage,set3_player1_1st_serve_points_won,set3_player2_1st_serve_points_won,set3_player1_2nd_serve_points_won,set3_player2_2nd_serve_points_won,set3_player1_break_points_saved,set3_player2_break_points_saved,set3_player1_1st_return_points_won,set3_player2_1st_return_points_won,set3_player1_2nd_return_points_won,set3_player2_2nd_return_points_won,set3_player1_break_points_converted,set3_player2_break_points_converted,set3_player1_winners,set3_player2_winners,set3_player1_unforced_errors,set3_player2_unforced_errors,set3_player1_net_points_won,set3_player2_net_points_won,set3_player1_max_points_in_row,set3_player2_max_points_in_row,set3_player1_service_points_won,set3_player2_service_points_won,set3_player1_return_points_won,set3_player2_return_points_won,set3_player1_total_points_won,set3_player2_total_points_won,set3_player1_max_games_in_row,set3_player2_max_games_in_row,set3_player1_service_games_won,set3_player2_service_games_won,set3_player1_return_games_won,set3_player2_return_games_won,set3_player1_total_games_won,set3_player2_total_games_won,set3_player1_distance_covered_meters,set3_player2_distance_covered_meters,set4_player1_aces,set4_player2_aces,set4_player1_double_faults,set4_player2_double_faults,set4_player1_1st_serve_percentage,set4_player2_1st_serve_percentage,set4_player1_1st_serve_points_won,set4_player2_1st_serve_points_won,set4_player1_2nd_serve_points_won,set4_player2_2nd_serve_points_won,set4_player1_break_points_saved,set4_player2_break_points_saved,set4_player1_1st_return_points_won,set4_player2_1st_return_points_won,set4_player1_2nd_return_points_won,set4_player2_2nd_return_points_won,set4_player1_break_points_converted,set4_player2_break_points_converted,set4_player1_winners,set4_player2_winners,set4_player1_unforced_errors,set4_player2_unforced_errors,set4_player1_net_points_won,set4_player2_net_points_won,set4_player1_max_points_in_row,set4_player2_max_points_in_row,set4_player1_service_points_won,set4_player2_service_points_won,set4_player1_return_points_won,set4_player2_return_points_won,set4_player1_total_points_won,set4_player2_total_points_won,set4_player1_max_games_in_row,set4_player2_max_games_in_row,set4_player1_service_games_won,set4_player2_service_games_won,set4_player1_return_games_won,set4_player2_return_games_won,set4_player1_total_games_won,set4_player2_total_games_won,set4_player1_distance_covered_meters,set4_player2_distance_covered_meters,set5_player1_aces,set5_player2_aces,set5_player1_double_faults,set5_player2_double_faults,set5_player1_1st_serve_percentage,set5_player2_1st_serve_percentage,set5_player1_1st_serve_points_won,set5_player2_1st_serve_points_won,set5_player1_2nd_serve_points_won,set5_player2_2nd_serve_points_won,set5_player1_break_points_saved,set5_player2_break_points_saved,set5_player1_1st_return_points_won,set5_player2_1st_return_points_won,set5_player1_2nd_return_points_won,set5_player2_2nd_return_points_won,set5_player1_break_points_converted,set5_player2_break_points_converted,set5_player1_winners,set5_player2_winners,set5_player1_unforced_errors,set5_player2_unforced_errors,set5_player1_net_points_won,set5_player2_net_points_won,set5_player1_max_points_in_row,set5_player2_max_points_in_row,set5_player1_service_points_won,set5_player2_service_points_won,set5_player1_return_points_won,set5_player2_return_points_won,set5_player1_total_points_won,set5_player2_total_points_won,set5_player1_max_games_in_row,set5_player2_max_games_in_row,set5_player1_service_games_won,set5_player2_service_games_won,set5_player1_return_games_won,set5_player2_return_games_won,set5_player1_total_games_won,set5_player2_total_games_won,set5_player1_distance_covered_meters,set5_player2_distance_covered_meters
,,,,,,,,,,,,,,,,,,,,,,,,,,,,,,,,,,,,,,,,,,,,,,,,,,,,,,,,,,,,,,,,,,,,,,,,,,,,,,,,,,,,,,,,,,,,,,,,,,,,,,,,,,,,,,,,,,,,,,,,,,,,,,,,,,,,,,,,,,,,,,,,,,,,,,,,,,,,,,,,,,,,,,,,,,,,,,,,,,,,,,,,,,,,,,,,,,,,,,,,,,,,,,,,,,,,,,,,,,,,,,,,,,,,,,,,,,,,,,,,,,,
,,,,,,,,,,,,,,,,,,,,,,,,,,,,,,,,,,,,,,,,,,,,,,,,,,,,,,,,,,,,,,,,,,,,,,,,,,,,,,,,,,,,,,,,,,,,,,,,,,,,,,,,,,,,,,,,,,,,,,,,,,,,,,,,,,,,,,,,,,,,,,,,,,,,,,,,,,,,,,,,,,,,,,,,,,,,,,,,,,,,,,,,,,,,,,,,,,,,,,,,,,,,,,,,,,,,,,,,,,,,,,,,,,,,,,,,,,,,,,,,,,,
,,,,,,,,,,,,,,,,,,,,,,,,,,,,,,,,,,,,,,,,,,,,,,,,,,,,,,,,,,,,,,,,,,,,,,,,,,,,,,,,,,,,,,,,,,,,,,,,,,,,,,,,,,,,,,,,,,,,,,,,,,,,,,,,,,,,,,,,,,,,,,,,,,,,,,,,,,,,,,,,,,,,,,,,,,,,,,,,,,,,,,,,,,,,,,,,,,,,,,,,,,,,,,,,,,,,,,,,,,,,,,,,,,,,,,,,,,,,,,,,,,,
,,,,,,,,,,,,,,,,,,,,,,,,,,,,,,,,,,,,,,,,,,,,,,,,,,,,,,,,,,,,,,,,,,,,,,,,,,,,,,,,,,,,,,,,,,,,,,,,,,,,,,,,,,,,,,,,,,,,,,,,,,,,,,,,,,,,,,,,,,,,,,,,,,,,,,,,,,,,,,,,,,,,,,,,,,,,,,,,,,,,,,,,,,,,,,,,,,,,,,,,,,,,,,,,,,,,,,,,,,,,,,,,,,,,,,,,,,,,,,,,,,,
,,,,,,,,,,,,,,,,,,,,,,,,,,,,,,,,,,,,,,,,,,,,,,,,,,,,,,,,,,,,,,,,,,,,,,,,,,,,,,,,,,,,,,,,,,,,,,,,,,,,,,,,,,,,,,,,,,,,,,,,,,,,,,,,,,,,,,,,,,,,,,,,,,,,,,,,,,,,,,,,,,,,,,,,,,,,,,,,,,,,,,,,,,,,,,,,,,,,,,,,,,,,,,,,,,,,,,,,,,,,,,,,,,,,,,,,,,,,,,,,,,,
,,,,,,,,,,,,,,,,,,,,,,,,,,,,,,,,,,,,,,,,,,,,,,,,,,,,,,,,,,,,,,,,,,,,,,,,,,,,,,,,,,,,,,,,,,,,,,,,,,,,,,,,,,,,,,,,,,,,,,,,,,,,,,,,,,,,,,,,,,,,,,,,,,,,,,,,,,,,,,,,,,,,,,,,,,,,,,,,,,,,,,,,,,,,,,,,,,,,,,,,,,,,,,,,,,,,,,,,,,,,,,,,,,,,,,,,,,,,,,,,,,,
,,,,,,,,,,,,,,,,,,,,,,,,,,,,,,,,,,,,,,,,,,,,,,,,,,,,,,,,,,,,,,,,,,,,,,,,,,,,,,,,,,,,,,,,,,,,,,,,,,,,,,,,,,,,,,,,,,,,,,,,,,,,,,,,,,,,,,,,,,,,,,,,,,,,,,,,,,,,,,,,,,,,,,,,,,,,,,,,,,,,,,,,,,,,,,,,,,,,,,,,,,,,,,,,,,,,,,,,,,,,,,,,,,,,,,,,,,,,,,,,,,,
,,,,,,,,,,,,,,,,,,,,,,,,,,,,,,,,,,,,,,,,,,,,,,,,,,,,,,,,,,,,,,,,,,,,,,,,,,,,,,,,,,,,,,,,,,,,,,,,,,,,,,,,,,,,,,,,,,,,,,,,,,,,,,,,,,,,,,,,,,,,,,,,,,,,,,,,,,,,,,,,,,,,,,,,,,,,,,,,,,,,,,,,,,,,,,,,,,,,,,,,,,,,,,,,,,,,,,,,,,,,,,,,,,,,,,,,,,,,,,,,,,,
,,,,,,,,,,,,,,,,,,,,,,,,,,,,,,,,,,,,,,,,,,,,,,,,,,,,,,,,,,,,,,,,,,,,,,,,,,,,,,,,,,,,,,,,,,,,,,,,,,,,,,,,,,,,,,,,,,,,,,,,,,,,,,,,,,,,,,,,,,,,,,,,,,,,,,,,,,,,,,,,,,,,,,,,,,,,,,,,,,,,,,,,,,,,,,,,,,,,,,,,,,,,,,,,,,,,,,,,,,,,,,,,,,,,,,,,,,,,,,,,,,,
,,,,,,,,,,,,,,,,,,,,,,,,,,,,,,,,,,,,,,,,,,,,,,,,,,,,,,,,,,,,,,,,,,,,,,,,,,,,,,,,,,,,,,,,,,,,,,,,,,,,,,,,,,,,,,,,,,,,,,,,,,,,,,,,,,,,,,,,,,,,,,,,,,,,,,,,,,,,,,,,,,,,,,,,,,,,,,,,,,,,,,,,,,,,,,,,,,,,,,,,,,,,,,,,,,,,,,,,,,,,,,,,,,,,,,,,,,,,,,,,,,,
,,,,,,,,,,,,,,,,,,,,,,,,,,,,,,,,,,,,,,,,,,,,,,,,,,,,,,,,,,,,,,,,,,,,,,,,,,,,,,,,,,,,,,,,,,,,,,,,,,,,,,,,,,,,,,,,,,,,,,,,,,,,,,,,,,,,,,,,,,,,,,,,,,,,,,,,,,,,,,,,,,,,,,,,,,,,,,,,,,,,,,,,,,,,,,,,,,,,,,,,,,,,,,,,,,,,,,,,,,,,,,,,,,,,,,,,,,,,,,,,,,,
,,,,,,,,,,,,,,,,,,,,,,,,,,,,,,,,,,,,,,,,,,,,,,,,,,,,,,,,,,,,,,,,,,,,,,,,,,,,,,,,,,,,,,,,,,,,,,,,,,,,,,,,,,,,,,,,,,,,,,,,,,,,,,,,,,,,,,,,,,,,,,,,,,,,,,,,,,,,,,,,,,,,,,,,,,,,,,,,,,,,,,,,,,,,,,,,,,,,,,,,,,,,,,,,,,,,,,,,,,,,,,,,,,,,,,,,,,,,,,,,,,,
,,,,,,,,,,,,,,,,,,,,,,,,,,,,,,,,,,,,,,,,,,,,,,,,,,,,,,,,,,,,,,,,,,,,,,,,,,,,,,,,,,,,,,,,,,,,,,,,,,,,,,,,,,,,,,,,,,,,,,,,,,,,,,,,,,,,,,,,,,,,,,,,,,,,,,,,,,,,,,,,,,,,,,,,,,,,,,,,,,,,,,,,,,,,,,,,,,,,,,,,,,,,,,,,,,,,,,,,,,,,,,,,,,,,,,,,,,,,,,,,,,,
